<?xml version="1.0" encoding="UTF-8"?>
<!DOCTYPE suite SYSTEM "http://testng.org/testng-1.0.dtd" >  
<suite name="Suite1" verbose="1" >
<listeners>
<listener class-name="com.inextrix.astpp.listners.ExtentReport"/>
<listener class-name="com.inextrix.astpp.listners.CustomListener"/>
</listeners>
  <test name="astppTestcase" >
    <classes>
    	<class name="com.inextrix.astpp.testcases.LoginTest" />
    	<class name="com.inextrix.astpp.base.BaseClass" />
    </classes>
  </test>     
</suite>
